log_q_id, qid, log_q_ts, uid, gid, vid, cid, dqid, parent_dqid, q_detail, ae_seq_id, q_s_id, g_s_id, tid, cd_id, quest_seqid, qaction_seqid, session_seqid, sessionid, client_ts, foreign_game_id, multiplayer_seqid, quest_hash
5277, 1, 1654195321, DB98897C-9B94-A72D-1DD7-DE2B7D1521C3, 202207, 1, 3, ED4AD09B-AAD0-C308-8CEE-102656BFB8D2, NULL, [], NULL, 1, 1, 1, 0, 1, 1, 2, D108992D-3F2A-C7D6-B08B-5454307CD2C0, 1654195321265, 0, 0, NULL
5278, 1, 1654195336, DB98897C-9B94-A72D-1DD7-DE2B7D1521C3, 202207, 1, 3, 66E6E2F3-1903-2F77-C1D9-B15102033A2B, NULL, {"version":"B"}, NULL, 1, 1, 1, 0, 1, 1, 2, 0F4054B2-0BD1-0040-2A26-57D0F1A0ACEC, 1654195336317, 0, 0, NULL
5279, 1, 1654195363, DB98897C-9B94-A72D-1DD7-DE2B7D1521C3, 202207, 1, 3, 74FA9F3C-858D-A1B7-6B26-0F098313742F, NULL, {"version":"B"}, NULL, 1, 1, 1, 0, 1, 1, 2, C3644438-A0DD-7B80-B4BA-6B072C4195CE, 1654195363199, 0, 0, NULL
5280, 1, 1654195374, DB98897C-9B94-A72D-1DD7-DE2B7D1521C3, 202207, 1, 3, 97BA2220-59AF-1A49-F33E-84FA05390D28, NULL, {"version":"B"}, NULL, 1, 1, 1, 0, 1, 1, 2, 0D1D4585-2DA2-D720-B8C4-1FFFC2015205, 1654195374730, 0, 0, NULL
5281, 1, 1654195421, 29849400-1CF5-0A03-8294-442AB19E8EE6, 202207, 1, 3, DBC45196-D274-5179-EF46-0DD6A12DCC17, NULL, [], NULL, 1, 1, 1, 0, 1, 1, 2, 9547BE94-EB3E-A96B-B1AF-76DF407F5AFB, 1654195421882, 0, 0, NULL
5282, 1, 1654195436, 29849400-1CF5-0A03-8294-442AB19E8EE6, 202207, 1, 3, 970BBA84-42AF-095C-5DCE-A555E220CE61, NULL, {"version":"B"}, NULL, 1, 1, 1, 0, 1, 1, 2, 2DFB1725-4D7D-251C-5906-F070B02BE86D, 1654195437083, 0, 0, NULL
5284, 1, 1654195546, BAB22DA1-A185-B895-057A-C52E7719C98B, 202207, 1, 3, 4CAAE364-FC6D-417D-280C-61C0360F0061, NULL, [], NULL, 1, 1, 1, 0, 1, 1, 2, 6B1BFCC6-282A-41A2-E2F9-999449163A87, 1654195544093, 0, 0, NULL
5285, 1, 1654195704, 603AAFB2-A0AB-20C7-FC14-6DB541074317, 202207, 1, 3, 920B8947-E26A-3423-D3EA-5C7179BD6639, NULL, [], NULL, 1, 1, 1, 0, 1, 1, 2, F8009FC5-B082-96E8-51E5-DE43AF449926, 1654195704196, 0, 0, NULL
5286, 1, 1654195730, 29849400-1CF5-0A03-8294-442AB19E8EE6, 202207, 1, 3, 153E477B-35C3-1099-3277-0EDA0AD6A5BA, NULL, [], NULL, 1, 1, 1, 0, 1, 1, 2, DD2BD868-69ED-DDD3-BC1B-4875B3290867, 1654195730761, 0, 0, NULL
5287, 1, 1654195732, 603AAFB2-A0AB-20C7-FC14-6DB541074317, 202207, 1, 3, AEF6008D-4369-6908-6CB4-6CDA18B24CF9, NULL, [], NULL, 1, 1, 1, 0, 1, 1, 2, 8D6D478A-38AA-79F5-066B-6231C909F95E, 1654195732279, 0, 0, NULL
5288, 1, 1654195975, 603AAFB2-A0AB-20C7-FC14-6DB541074317, 202207, 1, 3, 34837EB4-9741-6DEA-2628-65397A0247E1, NULL, {"version":"B"}, NULL, 1, 1, 1, 0, 1, 1, 4, 6C1C673D-9EB7-3BE4-A269-772D726ABC3B, 1654195975494, 0, 0, NULL
5295, 1, 1654196318, 29849400-1CF5-0A03-8294-442AB19E8EE6, 202207, 1, 3, 35E190F7-E2AD-B1CA-BC20-F02021E98A5D, NULL, [], NULL, 1, 1, 1, 0, 1, 1, 2, 355758CF-337F-3A15-F1E6-812E2B347C94, 1654196318872, 0, 0, NULL
5296, 1, 1654196332, 29849400-1CF5-0A03-8294-442AB19E8EE6, 202207, 1, 3, 19503417-ACFD-332B-0C16-09575C83830C, NULL, {"version":"A"}, NULL, 1, 1, 1, 0, 1, 1, 2, 75A9417E-187D-A8C0-0A19-453445B2FE20, 1654196333381, 0, 0, NULL
5297, 1, 1654196460, 29849400-1CF5-0A03-8294-442AB19E8EE6, 202207, 1, 3, B8A935CE-C47A-B024-F6F1-6C746D80D0CF, NULL, {"version":"A"}, NULL, 1, 1, 1, 0, 1, 1, 2, 7B23849C-D59E-2922-094E-599B84133BE4, 1654196460353, 0, 0, NULL
5298, 1, 1654196472, 29849400-1CF5-0A03-8294-442AB19E8EE6, 202207, 1, 3, B8A935CE-C47A-B024-F6F1-6C746D80D0CF, NULL, {"won":false "version":"A"}, NULL, 0, 1, 1, 0, 0, 2, 4, 7B23849C-D59E-2922-094E-599B84133BE4, 1654196472436, 0, 0, NULL
5299, 1, 1654196472, 29849400-1CF5-0A03-8294-442AB19E8EE6, 202207, 1, 3, 8320C977-4580-6B5B-A90D-5FE50856F6BD, NULL, {"version":"A"}, NULL, 1, 1, 1, 0, 2, 1, 6, 7B23849C-D59E-2922-094E-599B84133BE4, 1654196473239, 0, 0, NULL
5300, 1, 1654196574, 29849400-1CF5-0A03-8294-442AB19E8EE6, 202207, 1, 3, 8320C977-4580-6B5B-A90D-5FE50856F6BD, NULL, {"won":true "version":"A"}, NULL, 0, 1, 1, 0, 0, 51, 56, 7B23849C-D59E-2922-094E-599B84133BE4, 1654196574257, 0, 0, NULL
5301, 1, 1654196581, 603AAFB2-A0AB-20C7-FC14-6DB541074317, 202207, 1, 3, A179CAF5-AD10-6FEF-A15A-135167FCF5FB, NULL, [], NULL, 1, 1, 1, 0, 1, 1, 2, 089A1498-F534-41B0-1685-2D1FF4E06D6D, 1654196581656, 0, 0, NULL
5302, 1, 1654196589, 29849400-1CF5-0A03-8294-442AB19E8EE6, 202207, 1, 3, NULL, NULL, {"won":false "version":"A"}, NULL, 0, 1, 1, 0, 0, 52, 58, 7B23849C-D59E-2922-094E-599B84133BE4, 1654196589665, 0, 0, NULL
5303, 2, 1654196600, 29849400-1CF5-0A03-8294-442AB19E8EE6, 202207, 1, 3, 84E684E2-358C-A4D8-EBFF-B04372C19155, NULL, {"version":"A"}, NULL, 1, 1, 1, 0, 1, 1, 2, A24824F7-A1E7-0848-7751-951ECCDCFCD8, 1654196600613, 0, 0, NULL
5304, 2, 1654196602, 29849400-1CF5-0A03-8294-442AB19E8EE6, 202207, 1, 3, 84E684E2-358C-A4D8-EBFF-B04372C19155, NULL, {"won":false "version":"A"}, NULL, 0, 1, 1, 0, 0, 2, 4, A24824F7-A1E7-0848-7751-951ECCDCFCD8, 1654196603276, 0, 0, NULL
5305, 1, 1654196710, 603AAFB2-A0AB-20C7-FC14-6DB541074317, 202207, 1, 3, A179CAF5-AD10-6FEF-A15A-135167FCF5FB, NULL, {"won":true "version":"A"}, NULL, 0, 1, 1, 0, 0, 132, 133, 089A1498-F534-41B0-1685-2D1FF4E06D6D, 1654196710085, 0, 0, NULL
5306, 1, 1654196741, 603AAFB2-A0AB-20C7-FC14-6DB541074317, 202207, 1, 3, NULL, NULL, {"won":true "version":"A"}, NULL, 0, 1, 1, 0, 0, 190, 191, 089A1498-F534-41B0-1685-2D1FF4E06D6D, 1654196741834, 0, 0, NULL
5307, 1, 1654196815, 603AAFB2-A0AB-20C7-FC14-6DB541074317, 202207, 1, 3, NULL, NULL, {"won":false "version":"A"}, NULL, 0, 1, 1, 0, 0, 365, 366, 089A1498-F534-41B0-1685-2D1FF4E06D6D, 1654196815683, 0, 0, NULL
5308, 1, 1654196820, 603AAFB2-A0AB-20C7-FC14-6DB541074317, 202207, 1, 3, 2E790AF1-BD45-093C-ECE2-A7FB949A26EC, NULL, {"version":"A"}, NULL, 1, 1, 1, 0, 2, 1, 368, 089A1498-F534-41B0-1685-2D1FF4E06D6D, 1654196820405, 0, 0, NULL
5309, 1, 1654196827, 603AAFB2-A0AB-20C7-FC14-6DB541074317, 202207, 1, 3, 28BF03A6-3747-70F5-E74B-8D2D9A338B49, NULL, [], NULL, 1, 1, 1, 0, 1, 1, 2, 9E6D31A4-4AEC-76AF-188C-58E76E756D4A, 1654196826954, 0, 0, NULL
5310, 1, 1654197023, 29849400-1CF5-0A03-8294-442AB19E8EE6, 202207, 1, 3, 67E5FF37-92A3-B445-AA72-F2A1E783FE0B, NULL, [], NULL, 1, 1, 1, 0, 1, 1, 2, 0BDD562C-1BD7-F005-A58C-EDF45E7FDC65, 1654197023906, 0, 0, NULL
5311, 1, 1654197026, 29849400-1CF5-0A03-8294-442AB19E8EE6, 202207, 1, 3, 67E5FF37-92A3-B445-AA72-F2A1E783FE0B, NULL, {"won":false "version":"A"}, NULL, 0, 1, 1, 0, 0, 2, 4, 0BDD562C-1BD7-F005-A58C-EDF45E7FDC65, 1654197026920, 0, 0, NULL
5312, 1, 1654197158, 603AAFB2-A0AB-20C7-FC14-6DB541074317, 202207, 1, 3, 789DDE06-C2AF-ED10-3C9D-4D492D6764F5, NULL, [], NULL, 1, 1, 1, 0, 1, 1, 2, C89EAB02-7C5A-DEEF-4E1C-ED9688F5DF90, 1654197158444, 0, 0, NULL
5313, 1, 1654197207, 603AAFB2-A0AB-20C7-FC14-6DB541074317, 202207, 1, 3, 789DDE06-C2AF-ED10-3C9D-4D492D6764F5, NULL, {"won":true "version":"A"}, NULL, 0, 1, 1, 0, 0, 81, 82, C89EAB02-7C5A-DEEF-4E1C-ED9688F5DF90, 1654197207288, 0, 0, NULL
5316, 1, 1654197497, BAB22DA1-A185-B895-057A-C52E7719C98B, 202207, 1, 3, 023711FF-228A-02A8-7B4E-9527BCB9BEF1, NULL, [], NULL, 1, 1, 1, 0, 1, 1, 2, 56FF6B8A-4970-9D2F-5F57-D03C049A7A61, 1654197494451, 0, 0, NULL
5317, 1, 1654197543, BAB22DA1-A185-B895-057A-C52E7719C98B, 202207, 1, 3, 023711FF-228A-02A8-7B4E-9527BCB9BEF1, NULL, {"won":true "version":"B"}, NULL, 0, 1, 1, 0, 0, 60, 61, 56FF6B8A-4970-9D2F-5F57-D03C049A7A61, 1654197540588, 0, 0, NULL
5318, 1, 1654197547, BAB22DA1-A185-B895-057A-C52E7719C98B, 202207, 1, 3, NULL, NULL, {"won":false "version":"B"}, NULL, 0, 1, 1, 0, 0, 61, 63, 56FF6B8A-4970-9D2F-5F57-D03C049A7A61, 1654197544945, 0, 0, NULL
5319, 1, 1654197788, 29849400-1CF5-0A03-8294-442AB19E8EE6, 202207, 1, 3, 2E1B6F23-4BBC-0F28-FDC0-7948229070A1, NULL, [], NULL, 1, 1, 1, 0, 1, 1, 2, 1DCD5972-5D04-E06C-0520-34FA9E97565E, 1654197788575, 0, 0, NULL
5348, 1, 1654280902, BAB22DA1-A185-B895-057A-C52E7719C98B, 202207, 1, 3, 09E7BA8C-B781-3DE1-52C1-1E742CB640DC, NULL, [], NULL, 1, 1, 1, 0, 1, 1, 2, 84822E24-8CBA-FEA7-A43F-A13C4E9C4B4E, 1654280899862, 0, 0, NULL
5349, 1, 1654280905, BAB22DA1-A185-B895-057A-C52E7719C98B, 202207, 1, 3, 09E7BA8C-B781-3DE1-52C1-1E742CB640DC, NULL, {"won":false "version":"A"}, NULL, 0, 1, 1, 0, 0, 2, 4, 84822E24-8CBA-FEA7-A43F-A13C4E9C4B4E, 1654280902461, 0, 0, NULL
5350, 1, 1654280907, BAB22DA1-A185-B895-057A-C52E7719C98B, 202207, 1, 3, 6FAE3AD5-B5BB-6AD2-DF02-064D3387636C, NULL, {"version":"A"}, NULL, 1, 1, 1, 0, 2, 1, 6, 84822E24-8CBA-FEA7-A43F-A13C4E9C4B4E, 1654280904997, 0, 0, NULL
5351, 1, 1654280956, BAB22DA1-A185-B895-057A-C52E7719C98B, 202207, 1, 3, 6FAE3AD5-B5BB-6AD2-DF02-064D3387636C, NULL, {"won":true "version":"A"}, NULL, 0, 1, 1, 0, 0, 57, 62, 84822E24-8CBA-FEA7-A43F-A13C4E9C4B4E, 1654280953304, 0, 0, NULL
5352, 1, 1654280971, BAB22DA1-A185-B895-057A-C52E7719C98B, 202207, 1, 3, NULL, NULL, {"won":true "version":"A"}, NULL, 0, 1, 1, 0, 0, 92, 97, 84822E24-8CBA-FEA7-A43F-A13C4E9C4B4E, 1654280969101, 0, 0, NULL
5353, 1, 1654281039, BAB22DA1-A185-B895-057A-C52E7719C98B, 202207, 1, 3, NULL, NULL, {"won":false "version":"A"}, NULL, 0, 1, 1, 0, 0, 251, 256, 84822E24-8CBA-FEA7-A43F-A13C4E9C4B4E, 1654281036718, 0, 0, NULL
5354, 1, 1654281107, BAB22DA1-A185-B895-057A-C52E7719C98B, 202207, 1, 3, NULL, NULL, {"won":false "version":"A"}, NULL, 0, 1, 1, 0, 0, 416, 421, 84822E24-8CBA-FEA7-A43F-A13C4E9C4B4E, 1654281104368, 0, 0, NULL
5355, 1, 1654281192, BAB22DA1-A185-B895-057A-C52E7719C98B, 202207, 1, 3, NULL, NULL, {"won":true "version":"A"}, NULL, 0, 1, 1, 0, 0, 610, 615, 84822E24-8CBA-FEA7-A43F-A13C4E9C4B4E, 1654281188952, 0, 0, NULL
5356, 1, 1654281247, BAB22DA1-A185-B895-057A-C52E7719C98B, 202207, 1, 3, NULL, NULL, {"won":true "version":"A"}, NULL, 0, 1, 1, 0, 0, 728, 733, 84822E24-8CBA-FEA7-A43F-A13C4E9C4B4E, 1654281244417, 0, 0, NULL
5357, 1, 1654281327, BAB22DA1-A185-B895-057A-C52E7719C98B, 202207, 1, 3, NULL, NULL, {"won":true "version":"A"}, NULL, 0, 1, 1, 0, 0, 900, 905, 84822E24-8CBA-FEA7-A43F-A13C4E9C4B4E, 1654281324705, 0, 0, NULL
5358, 1, 1654281411, BAB22DA1-A185-B895-057A-C52E7719C98B, 202207, 1, 3, NULL, NULL, {"won":true "version":"A"}, NULL, 0, 1, 1, 0, 0, 1087, 1092, 84822E24-8CBA-FEA7-A43F-A13C4E9C4B4E, 1654281407985, 0, 0, NULL
5359, 2, 1654281429, BAB22DA1-A185-B895-057A-C52E7719C98B, 202207, 1, 3, D910AF0A-F6D4-E11D-6BAD-ADFBFB27C9DA, NULL, {"version":"A"}, NULL, 1, 1, 1, 0, 3, 1, 1094, 84822E24-8CBA-FEA7-A43F-A13C4E9C4B4E, 1654281426668, 0, 0, NULL
5360, 2, 1654281439, BAB22DA1-A185-B895-057A-C52E7719C98B, 202207, 1, 3, D910AF0A-F6D4-E11D-6BAD-ADFBFB27C9DA, NULL, {"won":true "version":"A"}, NULL, 0, 1, 1, 0, 0, 19, 1112, 84822E24-8CBA-FEA7-A43F-A13C4E9C4B4E, 1654281435451, 0, 0, NULL
5361, 2, 1654281510, BAB22DA1-A185-B895-057A-C52E7719C98B, 202207, 1, 3, NULL, NULL, {"won":true "version":"A"}, NULL, 0, 1, 1, 0, 0, 210, 1303, 84822E24-8CBA-FEA7-A43F-A13C4E9C4B4E, 1654281507380, 0, 0, NULL
5362, 2, 1654281552, BAB22DA1-A185-B895-057A-C52E7719C98B, 202207, 1, 3, NULL, NULL, {"won":true "version":"A"}, NULL, 0, 1, 1, 0, 0, 325, 1418, 84822E24-8CBA-FEA7-A43F-A13C4E9C4B4E, 1654281549471, 0, 0, NULL
5363, 2, 1654281600, BAB22DA1-A185-B895-057A-C52E7719C98B, 202207, 1, 3, NULL, NULL, {"won":true "version":"A"}, NULL, 0, 1, 1, 0, 0, 431, 1524, 84822E24-8CBA-FEA7-A43F-A13C4E9C4B4E, 1654281597213, 0, 0, NULL
5364, 2, 1654281675, BAB22DA1-A185-B895-057A-C52E7719C98B, 202207, 1, 3, NULL, NULL, {"won":true "version":"A"}, NULL, 0, 1, 1, 0, 0, 555, 1648, 84822E24-8CBA-FEA7-A43F-A13C4E9C4B4E, 1654281671951, 0, 0, NULL
5365, 1, 1654281884, 9429EF04-5580-8569-64F7-586CDE4332BE, 202207, 1, 3, 220D2AFC-B1B8-99C3-99F3-3352F7C31B39, NULL, [], NULL, 1, 1, 1, 0, 1, 1, 2, 274CD72E-7EAF-D21F-883B-9A5D265BEE69, 1654281884304, 0, 0, NULL
5366, 1, 1654281956, 9429EF04-5580-8569-64F7-586CDE4332BE, 202207, 1, 3, 220D2AFC-B1B8-99C3-99F3-3352F7C31B39, NULL, {"won":true "version":"A"}, NULL, 0, 1, 1, 0, 0, 100, 101, 274CD72E-7EAF-D21F-883B-9A5D265BEE69, 1654281956320, 0, 0, NULL
5367, 1, 1654281979, 9429EF04-5580-8569-64F7-586CDE4332BE, 202207, 1, 3, NULL, NULL, {"won":true "version":"A"}, NULL, 0, 1, 1, 0, 0, 133, 134, 274CD72E-7EAF-D21F-883B-9A5D265BEE69, 1654281979390, 0, 0, NULL
5368, 1, 1654282050, 9429EF04-5580-8569-64F7-586CDE4332BE, 202207, 1, 3, NULL, NULL, {"won":true "version":"A"}, NULL, 0, 1, 1, 0, 0, 302, 303, 274CD72E-7EAF-D21F-883B-9A5D265BEE69, 1654282049859, 0, 0, NULL
5369, 1, 1654282088, 9429EF04-5580-8569-64F7-586CDE4332BE, 202207, 1, 3, NULL, NULL, {"won":true "version":"A"}, NULL, 0, 1, 1, 0, 0, 391, 392, 274CD72E-7EAF-D21F-883B-9A5D265BEE69, 1654282088655, 0, 0, NULL
5370, 1, 1654282160, 9429EF04-5580-8569-64F7-586CDE4332BE, 202207, 1, 3, NULL, NULL, {"won":true "version":"A"}, NULL, 0, 1, 1, 0, 0, 525, 526, 274CD72E-7EAF-D21F-883B-9A5D265BEE69, 1654282160608, 0, 0, NULL
5371, 1, 1654282249, 9429EF04-5580-8569-64F7-586CDE4332BE, 202207, 1, 3, NULL, NULL, {"won":true "version":"A"}, NULL, 0, 1, 1, 0, 0, 636, 637, 274CD72E-7EAF-D21F-883B-9A5D265BEE69, 1654282249200, 0, 0, NULL
5372, 2, 1654282260, 9429EF04-5580-8569-64F7-586CDE4332BE, 202207, 1, 3, 2482D6C7-C7AC-E3CF-DF9A-6A0008F5C3FF, NULL, {"version":"A"}, NULL, 1, 1, 1, 0, 2, 1, 639, 274CD72E-7EAF-D21F-883B-9A5D265BEE69, 1654282260458, 0, 0, NULL
5373, 2, 1654282281, 9429EF04-5580-8569-64F7-586CDE4332BE, 202207, 1, 3, 2482D6C7-C7AC-E3CF-DF9A-6A0008F5C3FF, NULL, {"won":true "version":"A"}, NULL, 0, 1, 1, 0, 0, 31, 669, 274CD72E-7EAF-D21F-883B-9A5D265BEE69, 1654282280934, 0, 0, NULL
5374, 2, 1654282382, 9429EF04-5580-8569-64F7-586CDE4332BE, 202207, 1, 3, NULL, NULL, {"won":true "version":"A"}, NULL, 0, 1, 1, 0, 0, 230, 868, 274CD72E-7EAF-D21F-883B-9A5D265BEE69, 1654282382452, 0, 0, NULL
5375, 2, 1654282444, 9429EF04-5580-8569-64F7-586CDE4332BE, 202207, 1, 3, NULL, NULL, {"won":true "version":"A"}, NULL, 0, 1, 1, 0, 0, 377, 1015, 274CD72E-7EAF-D21F-883B-9A5D265BEE69, 1654282443712, 0, 0, NULL
5376, 2, 1654282503, 9429EF04-5580-8569-64F7-586CDE4332BE, 202207, 1, 3, NULL, NULL, {"won":true "version":"A"}, NULL, 0, 1, 1, 0, 0, 514, 1152, 274CD72E-7EAF-D21F-883B-9A5D265BEE69, 1654282503506, 0, 0, NULL
5377, 2, 1654282586, 9429EF04-5580-8569-64F7-586CDE4332BE, 202207, 1, 3, NULL, NULL, {"won":true "version":"A"}, NULL, 0, 1, 1, 0, 0, 593, 1231, 274CD72E-7EAF-D21F-883B-9A5D265BEE69, 1654282586183, 0, 0, NULL
5378, 1, 1654283025, C20EBF01-C226-51AF-ABBB-E1038B576EC9, 202207, 1, 3, 326EA373-2F2A-3C9E-AE37-BA48D8AF5B3F, NULL, [], NULL, 1, 1, 1, 0, 1, 1, 2, 383BD2FD-A530-95D4-BB2F-8FCA36089219, 1654283025484, 0, 0, NULL
5379, 1, 1654283091, C20EBF01-C226-51AF-ABBB-E1038B576EC9, 202207, 1, 3, 326EA373-2F2A-3C9E-AE37-BA48D8AF5B3F, NULL, {"won":true "version":"A"}, NULL, 0, 1, 1, 0, 0, 98, 99, 383BD2FD-A530-95D4-BB2F-8FCA36089219, 1654283091793, 0, 0, NULL
5380, 1, 1654283108, C20EBF01-C226-51AF-ABBB-E1038B576EC9, 202207, 1, 3, NULL, NULL, {"won":true "version":"A"}, NULL, 0, 1, 1, 0, 0, 130, 131, 383BD2FD-A530-95D4-BB2F-8FCA36089219, 1654283108545, 0, 0, NULL
5381, 1, 1654283169, C20EBF01-C226-51AF-ABBB-E1038B576EC9, 202207, 1, 3, NULL, NULL, {"won":false "version":"A"}, NULL, 0, 1, 1, 0, 0, 275, 276, 383BD2FD-A530-95D4-BB2F-8FCA36089219, 1654283169043, 0, 0, NULL
5382, 1, 1654283278, C20EBF01-C226-51AF-ABBB-E1038B576EC9, 202207, 1, 3, NULL, NULL, {"won":true "version":"A"}, NULL, 0, 1, 1, 0, 0, 469, 470, 383BD2FD-A530-95D4-BB2F-8FCA36089219, 1654283277510, 0, 0, NULL
5383, 1, 1654283320, C20EBF01-C226-51AF-ABBB-E1038B576EC9, 202207, 1, 3, NULL, NULL, {"won":true "version":"A"}, NULL, 0, 1, 1, 0, 0, 559, 560, 383BD2FD-A530-95D4-BB2F-8FCA36089219, 1654283320723, 0, 0, NULL
5384, 1, 1654283367, C20EBF01-C226-51AF-ABBB-E1038B576EC9, 202207, 1, 3, NULL, NULL, {"won":true "version":"A"}, NULL, 0, 1, 1, 0, 0, 672, 673, 383BD2FD-A530-95D4-BB2F-8FCA36089219, 1654283367106, 0, 0, NULL
5385, 1, 1654283407, C20EBF01-C226-51AF-ABBB-E1038B576EC9, 202207, 1, 3, NULL, NULL, {"won":true "version":"A"}, NULL, 0, 1, 1, 0, 0, 741, 742, 383BD2FD-A530-95D4-BB2F-8FCA36089219, 1654283407065, 0, 0, NULL
5386, 1, 1654283411, C20EBF01-C226-51AF-ABBB-E1038B576EC9, 202207, 1, 3, 9238A0C2-FC9A-EB37-26B3-BCFB4BDD9242, NULL, {"version":"A"}, NULL, 1, 1, 1, 0, 2, 1, 744, 383BD2FD-A530-95D4-BB2F-8FCA36089219, 1654283411172, 0, 0, NULL
5387, 1, 1654283417, C20EBF01-C226-51AF-ABBB-E1038B576EC9, 202207, 1, 3, 9238A0C2-FC9A-EB37-26B3-BCFB4BDD9242, NULL, {"won":false "version":"A"}, NULL, 0, 1, 1, 0, 0, 5, 749, 383BD2FD-A530-95D4-BB2F-8FCA36089219, 1654283417538, 0, 0, NULL
5388, 2, 1654283419, C20EBF01-C226-51AF-ABBB-E1038B576EC9, 202207, 1, 3, 3F6B30E8-C017-EEEA-C83F-DCCBB48150BC, NULL, {"version":"A"}, NULL, 1, 1, 1, 0, 3, 1, 751, 383BD2FD-A530-95D4-BB2F-8FCA36089219, 1654283419281, 0, 0, NULL
5389, 2, 1654283430, C20EBF01-C226-51AF-ABBB-E1038B576EC9, 202207, 1, 3, 3F6B30E8-C017-EEEA-C83F-DCCBB48150BC, NULL, {"won":true "version":"A"}, NULL, 0, 1, 1, 0, 0, 16, 766, 383BD2FD-A530-95D4-BB2F-8FCA36089219, 1654283429925, 0, 0, NULL
5390, 2, 1654283483, C20EBF01-C226-51AF-ABBB-E1038B576EC9, 202207, 1, 3, NULL, NULL, {"won":false "version":"A"}, NULL, 0, 1, 1, 0, 0, 153, 903, 383BD2FD-A530-95D4-BB2F-8FCA36089219, 1654283483381, 0, 0, NULL
5391, 2, 1654283535, C20EBF01-C226-51AF-ABBB-E1038B576EC9, 202207, 1, 3, NULL, NULL, {"won":true "version":"A"}, NULL, 0, 1, 1, 0, 0, 303, 1053, 383BD2FD-A530-95D4-BB2F-8FCA36089219, 1654283535421, 0, 0, NULL
5392, 2, 1654283569, C20EBF01-C226-51AF-ABBB-E1038B576EC9, 202207, 1, 3, NULL, NULL, {"won":true "version":"A"}, NULL, 0, 1, 1, 0, 0, 408, 1158, 383BD2FD-A530-95D4-BB2F-8FCA36089219, 1654283569574, 0, 0, NULL
5393, 2, 1654283626, C20EBF01-C226-51AF-ABBB-E1038B576EC9, 202207, 1, 3, NULL, NULL, {"won":true "version":"A"}, NULL, 0, 1, 1, 0, 0, 516, 1266, 383BD2FD-A530-95D4-BB2F-8FCA36089219, 1654283626268, 0, 0, NULL
5394, 2, 1654283672, C20EBF01-C226-51AF-ABBB-E1038B576EC9, 202207, 1, 3, NULL, NULL, {"won":true "version":"A"}, NULL, 0, 1, 1, 0, 0, 593, 1343, 383BD2FD-A530-95D4-BB2F-8FCA36089219, 1654283671720, 0, 0, NULL
5395, 1, 1654283908, 603AAFB2-A0AB-20C7-FC14-6DB541074317, 202207, 1, 3, 426DD3E0-B71F-3E68-FD18-2A1524F0E1F4, NULL, [], NULL, 1, 1, 1, 0, 1, 1, 2, E1F43E44-500A-2AAC-9E9B-9A1164C4C3F8, 1654283907983, 0, 0, NULL
5396, 1, 1654283952, DB98897C-9B94-A72D-1DD7-DE2B7D1521C3, 202207, 1, 3, D42CEDCC-B9A8-4359-7F80-3F115785FF80, NULL, [], NULL, 1, 1, 1, 0, 1, 1, 2, E1E1ECB2-762C-BCCD-8E47-90B7B6EAAD7A, 1654283952164, 0, 0, NULL
5397, 1, 1654283988, 603AAFB2-A0AB-20C7-FC14-6DB541074317, 202207, 1, 3, 426DD3E0-B71F-3E68-FD18-2A1524F0E1F4, NULL, {"won":true "version":"B"}, NULL, 0, 1, 1, 0, 0, 74, 75, E1F43E44-500A-2AAC-9E9B-9A1164C4C3F8, 1654283988278, 0, 0, NULL
5398, 1, 1654284008, DB98897C-9B94-A72D-1DD7-DE2B7D1521C3, 202207, 1, 3, D42CEDCC-B9A8-4359-7F80-3F115785FF80, NULL, {"won":true "version":"A"}, NULL, 0, 1, 1, 0, 0, 74, 75, E1E1ECB2-762C-BCCD-8E47-90B7B6EAAD7A, 1654284007854, 0, 0, NULL
5399, 1, 1654284020, DB98897C-9B94-A72D-1DD7-DE2B7D1521C3, 202207, 1, 3, NULL, NULL, {"won":true "version":"A"}, NULL, 0, 1, 1, 0, 0, 104, 105, E1E1ECB2-762C-BCCD-8E47-90B7B6EAAD7A, 1654284020820, 0, 0, NULL
5400, 1, 1654284099, 603AAFB2-A0AB-20C7-FC14-6DB541074317, 202207, 1, 3, NULL, NULL, {"won":true "version":"B"}, NULL, 0, 1, 1, 0, 0, 287, 288, E1F43E44-500A-2AAC-9E9B-9A1164C4C3F8, 1654284098993, 0, 0, NULL
5401, 1, 1654284138, DB98897C-9B94-A72D-1DD7-DE2B7D1521C3, 202207, 1, 3, NULL, NULL, {"won":true "version":"A"}, NULL, 0, 1, 1, 0, 0, 281, 282, E1E1ECB2-762C-BCCD-8E47-90B7B6EAAD7A, 1654284138074, 0, 0, NULL
5402, 1, 1654284143, 603AAFB2-A0AB-20C7-FC14-6DB541074317, 202207, 1, 3, NULL, NULL, {"won":true "version":"B"}, NULL, 0, 1, 1, 0, 0, 378, 379, E1F43E44-500A-2AAC-9E9B-9A1164C4C3F8, 1654284142893, 0, 0, NULL
5403, 1, 1654284183, DB98897C-9B94-A72D-1DD7-DE2B7D1521C3, 202207, 1, 3, NULL, NULL, {"won":true "version":"A"}, NULL, 0, 1, 1, 0, 0, 393, 394, E1E1ECB2-762C-BCCD-8E47-90B7B6EAAD7A, 1654284183757, 0, 0, NULL
5404, 1, 1654284230, DB98897C-9B94-A72D-1DD7-DE2B7D1521C3, 202207, 1, 3, NULL, NULL, {"won":true "version":"A"}, NULL, 0, 1, 1, 0, 0, 493, 494, E1E1ECB2-762C-BCCD-8E47-90B7B6EAAD7A, 1654284229937, 0, 0, NULL
5405, 1, 1654284284, DB98897C-9B94-A72D-1DD7-DE2B7D1521C3, 202207, 1, 3, NULL, NULL, {"won":true "version":"A"}, NULL, 0, 1, 1, 0, 0, 621, 622, E1E1ECB2-762C-BCCD-8E47-90B7B6EAAD7A, 1654284284454, 0, 0, NULL
5406, 1, 1654284285, 603AAFB2-A0AB-20C7-FC14-6DB541074317, 202207, 1, 3, NULL, NULL, {"won":true "version":"B"}, NULL, 0, 1, 1, 0, 0, 641, 642, E1F43E44-500A-2AAC-9E9B-9A1164C4C3F8, 1654284284975, 0, 0, NULL
5407, 1, 1654284345, 603AAFB2-A0AB-20C7-FC14-6DB541074317, 202207, 1, 3, NULL, NULL, {"won":true "version":"B"}, NULL, 0, 1, 1, 0, 0, 771, 772, E1F43E44-500A-2AAC-9E9B-9A1164C4C3F8, 1654284345190, 0, 0, NULL
5408, 1, 1654284581, 603AAFB2-A0AB-20C7-FC14-6DB541074317, 202207, 1, 3, NULL, NULL, {"won":true "version":"B"}, NULL, 0, 1, 1, 0, 0, 1159, 1160, E1F43E44-500A-2AAC-9E9B-9A1164C4C3F8, 1654284580832, 0, 0, NULL
5409, 1, 1654284854, 7CF04364-323B-2799-30FC-D2911F560EB1, 202207, 1, 3, 97765DFB-A58E-708F-9EDC-9048EFEA23DB, NULL, {"version":"B"}, NULL, 1, 1, 1, 0, 1, 1, 905, 12A2B508-380B-56A8-59A3-DCEF37ABE1FF, 1654284853906, 0, 0, NULL
5410, 1, 1654284900, 7CF04364-323B-2799-30FC-D2911F560EB1, 202207, 1, 3, 97765DFB-A58E-708F-9EDC-9048EFEA23DB, NULL, {"won":true "version":"B"}, NULL, 0, 1, 1, 0, 0, 69, 973, 12A2B508-380B-56A8-59A3-DCEF37ABE1FF, 1654284900576, 0, 0, NULL
5411, 1, 1654284987, 7CF04364-323B-2799-30FC-D2911F560EB1, 202207, 1, 3, NULL, NULL, {"won":true "version":"B"}, NULL, 0, 1, 1, 0, 0, 256, 1160, 12A2B508-380B-56A8-59A3-DCEF37ABE1FF, 1654284987090, 0, 0, NULL
5412, 1, 1654285075, 7CF04364-323B-2799-30FC-D2911F560EB1, 202207, 1, 3, NULL, NULL, {"won":true "version":"B"}, NULL, 0, 1, 1, 0, 0, 458, 1362, 12A2B508-380B-56A8-59A3-DCEF37ABE1FF, 1654285074888, 0, 0, NULL
5413, 1, 1654285143, 7CF04364-323B-2799-30FC-D2911F560EB1, 202207, 1, 3, NULL, NULL, {"won":true "version":"B"}, NULL, 0, 1, 1, 0, 0, 619, 1523, 12A2B508-380B-56A8-59A3-DCEF37ABE1FF, 1654285142554, 0, 0, NULL
5414, 1, 1654285223, 7CF04364-323B-2799-30FC-D2911F560EB1, 202207, 1, 3, NULL, NULL, {"won":true "version":"B"}, NULL, 0, 1, 1, 0, 0, 812, 1716, 12A2B508-380B-56A8-59A3-DCEF37ABE1FF, 1654285223119, 0, 0, NULL
5415, 1, 1654285354, 7CF04364-323B-2799-30FC-D2911F560EB1, 202207, 1, 3, NULL, NULL, {"won":true "version":"B"}, NULL, 0, 1, 1, 0, 0, 1080, 1984, 12A2B508-380B-56A8-59A3-DCEF37ABE1FF, 1654285353436, 0, 0, NULL
5416, 1, 1654285852, 29849400-1CF5-0A03-8294-442AB19E8EE6, 202207, 1, 3, 82126ECA-2ABE-1915-2A7C-273CD7BD8E61, NULL, {"version":"A"}, NULL, 1, 1, 1, 0, 1, 1, 2, 0CB6E7EE-A8B3-4B86-3B4D-E784AA29B07F, 1654285851907, 0, 0, NULL
5417, 1, 1654285897, 29849400-1CF5-0A03-8294-442AB19E8EE6, 202207, 1, 3, 82126ECA-2ABE-1915-2A7C-273CD7BD8E61, NULL, {"won":true "version":"A"}, NULL, 0, 1, 1, 0, 0, 63, 64, 0CB6E7EE-A8B3-4B86-3B4D-E784AA29B07F, 1654285897401, 0, 0, NULL
5418, 1, 1654285911, E8FBBCCE-057C-3308-11F0-8E5A09252852, 202207, 1, 3, 9F889471-8425-32C1-FA55-3295C9008186, NULL, {"version":"B"}, NULL, 1, 1, 1, 0, 1, 1, 15, 2BBDCDCC-E6A1-7746-CC87-DAFA701E6E26, 1654285909452, 0, 0, NULL
5419, 1, 1654285912, 29849400-1CF5-0A03-8294-442AB19E8EE6, 202207, 1, 3, NULL, NULL, {"won":true "version":"A"}, NULL, 0, 1, 1, 0, 0, 94, 95, 0CB6E7EE-A8B3-4B86-3B4D-E784AA29B07F, 1654285912209, 0, 0, NULL
5420, 1, 1654286014, 29849400-1CF5-0A03-8294-442AB19E8EE6, 202207, 1, 3, NULL, NULL, {"won":true "version":"A"}, NULL, 0, 1, 1, 0, 0, 291, 292, 0CB6E7EE-A8B3-4B86-3B4D-E784AA29B07F, 1654286014329, 0, 0, NULL
5421, 1, 1654286023, E8FBBCCE-057C-3308-11F0-8E5A09252852, 202207, 1, 3, 9F889471-8425-32C1-FA55-3295C9008186, NULL, {"won":true "version":"B"}, NULL, 0, 1, 1, 0, 0, 221, 235, 2BBDCDCC-E6A1-7746-CC87-DAFA701E6E26, 1654286021327, 0, 0, NULL
5422, 1, 1654286069, 29849400-1CF5-0A03-8294-442AB19E8EE6, 202207, 1, 3, NULL, NULL, {"won":true "version":"A"}, NULL, 0, 1, 1, 0, 0, 431, 432, 0CB6E7EE-A8B3-4B86-3B4D-E784AA29B07F, 1654286069433, 0, 0, NULL
5423, 1, 1654286098, E8FBBCCE-057C-3308-11F0-8E5A09252852, 202207, 1, 3, NULL, NULL, {"won":true "version":"B"}, NULL, 0, 1, 1, 0, 0, 397, 411, 2BBDCDCC-E6A1-7746-CC87-DAFA701E6E26, 1654286096377, 0, 0, NULL
5424, 1, 1654286132, E8FBBCCE-057C-3308-11F0-8E5A09252852, 202207, 1, 3, NULL, NULL, {"won":true "version":"B"}, NULL, 0, 1, 1, 0, 0, 489, 503, 2BBDCDCC-E6A1-7746-CC87-DAFA701E6E26, 1654286129934, 0, 0, NULL
5425, 1, 1654286148, 29849400-1CF5-0A03-8294-442AB19E8EE6, 202207, 1, 3, NULL, NULL, {"won":true "version":"A"}, NULL, 0, 1, 1, 0, 0, 619, 620, 0CB6E7EE-A8B3-4B86-3B4D-E784AA29B07F, 1654286147971, 0, 0, NULL
5426, 1, 1654286198, E8FBBCCE-057C-3308-11F0-8E5A09252852, 202207, 1, 3, NULL, NULL, {"won":true "version":"B"}, NULL, 0, 1, 1, 0, 0, 635, 649, 2BBDCDCC-E6A1-7746-CC87-DAFA701E6E26, 1654286196218, 0, 0, NULL
5427, 1, 1654286230, 29849400-1CF5-0A03-8294-442AB19E8EE6, 202207, 1, 3, NULL, NULL, {"won":true "version":"A"}, NULL, 0, 1, 1, 0, 0, 813, 814, 0CB6E7EE-A8B3-4B86-3B4D-E784AA29B07F, 1654286230294, 0, 0, NULL
5428, 2, 1654286235, 29849400-1CF5-0A03-8294-442AB19E8EE6, 202207, 1, 3, EFFAA0D0-C4F9-9750-56B3-C900754E0B81, NULL, {"version":"A"}, NULL, 1, 1, 1, 0, 2, 1, 816, 0CB6E7EE-A8B3-4B86-3B4D-E784AA29B07F, 1654286235131, 0, 0, NULL
5429, 2, 1654286247, 29849400-1CF5-0A03-8294-442AB19E8EE6, 202207, 1, 3, EFFAA0D0-C4F9-9750-56B3-C900754E0B81, NULL, {"won":true "version":"A"}, NULL, 0, 1, 1, 0, 0, 34, 849, 0CB6E7EE-A8B3-4B86-3B4D-E784AA29B07F, 1654286247008, 0, 0, NULL
5430, 1, 1654286257, E8FBBCCE-057C-3308-11F0-8E5A09252852, 202207, 1, 3, NULL, NULL, {"won":true "version":"B"}, NULL, 0, 1, 1, 0, 0, 784, 798, 2BBDCDCC-E6A1-7746-CC87-DAFA701E6E26, 1654286254785, 0, 0, NULL
5431, 2, 1654286333, 29849400-1CF5-0A03-8294-442AB19E8EE6, 202207, 1, 3, NULL, NULL, {"won":true "version":"A"}, NULL, 0, 1, 1, 0, 0, 232, 1047, 0CB6E7EE-A8B3-4B86-3B4D-E784AA29B07F, 1654286332882, 0, 0, NULL
5432, 1, 1654286360, E8FBBCCE-057C-3308-11F0-8E5A09252852, 202207, 1, 3, NULL, NULL, {"won":true "version":"B"}, NULL, 0, 1, 1, 0, 0, 997, 1011, 2BBDCDCC-E6A1-7746-CC87-DAFA701E6E26, 1654286357893, 0, 0, NULL
5433, 2, 1654286376, 29849400-1CF5-0A03-8294-442AB19E8EE6, 202207, 1, 3, NULL, NULL, {"won":true "version":"A"}, NULL, 0, 1, 1, 0, 0, 350, 1165, 0CB6E7EE-A8B3-4B86-3B4D-E784AA29B07F, 1654286376012, 0, 0, NULL
5434, 2, 1654286454, 29849400-1CF5-0A03-8294-442AB19E8EE6, 202207, 1, 3, NULL, NULL, {"won":true "version":"A"}, NULL, 0, 1, 1, 0, 0, 544, 1359, 0CB6E7EE-A8B3-4B86-3B4D-E784AA29B07F, 1654286454383, 0, 0, NULL
5435, 2, 1654286564, 29849400-1CF5-0A03-8294-442AB19E8EE6, 202207, 1, 3, NULL, NULL, {"won":true "version":"A"}, NULL, 0, 1, 1, 0, 0, 776, 1591, 0CB6E7EE-A8B3-4B86-3B4D-E784AA29B07F, 1654286563693, 0, 0, NULL
5436, 1, 1654287635, BF57519C-D9D6-F72E-8583-CF0AAFCF294D, 202207, 1, 3, 1683E5B8-D0E5-AE99-ED5E-FE4DDA52D1A2, NULL, {"version":"B"}, NULL, 1, 1, 1, 0, 1, 1, 896, 26A4E12F-CDF0-BCE2-737C-F0362CCF067C, 1654287635380, 0, 0, NULL
5437, 1, 1654287637, BF57519C-D9D6-F72E-8583-CF0AAFCF294D, 202207, 1, 3, 1683E5B8-D0E5-AE99-ED5E-FE4DDA52D1A2, NULL, {"won":false "version":"B"}, NULL, 0, 1, 1, 0, 0, 2, 898, 26A4E12F-CDF0-BCE2-737C-F0362CCF067C, 1654287637872, 0, 0, NULL
5438, 2, 1654288222, F5C21419-7AF6-14A6-70D1-9728C536D8BB, 202207, 1, 3, C144AE96-3E2E-6352-DF08-4B0F22B2BDC5, NULL, {"version":"B"}, NULL, 1, 1, 1, 0, 1, 1, 962, A5484C99-824F-1054-0795-4E8FFC5D372B, 1654288222778, 0, 0, NULL
5439, 2, 1654288319, F5C21419-7AF6-14A6-70D1-9728C536D8BB, 202207, 1, 3, C144AE96-3E2E-6352-DF08-4B0F22B2BDC5, NULL, {"won":true "version":"B"}, NULL, 0, 1, 1, 0, 0, 231, 1192, A5484C99-824F-1054-0795-4E8FFC5D372B, 1654288319726, 0, 0, NULL
5440, 2, 1654288360, F5C21419-7AF6-14A6-70D1-9728C536D8BB, 202207, 1, 3, NULL, NULL, {"won":true "version":"B"}, NULL, 0, 1, 1, 0, 0, 326, 1287, A5484C99-824F-1054-0795-4E8FFC5D372B, 1654288360369, 0, 0, NULL
5441, 2, 1654288432, F5C21419-7AF6-14A6-70D1-9728C536D8BB, 202207, 1, 3, NULL, NULL, {"won":true "version":"B"}, NULL, 0, 1, 1, 0, 0, 486, 1447, A5484C99-824F-1054-0795-4E8FFC5D372B, 1654288432219, 0, 0, NULL
5442, 2, 1654288488, F5C21419-7AF6-14A6-70D1-9728C536D8BB, 202207, 1, 3, NULL, NULL, {"won":true "version":"B"}, NULL, 0, 1, 1, 0, 0, 626, 1587, A5484C99-824F-1054-0795-4E8FFC5D372B, 1654288488675, 0, 0, NULL
5443, 2, 1654288561, F5C21419-7AF6-14A6-70D1-9728C536D8BB, 202207, 1, 3, NULL, NULL, {"won":true "version":"B"}, NULL, 0, 1, 1, 0, 0, 794, 1755, A5484C99-824F-1054-0795-4E8FFC5D372B, 1654288560808, 0, 0, NULL
5444, 1, 1654294135, FB619723-DD6A-6CFE-12B6-4ACDEFEB1EA4, 202207, 1, 3, 16CAA282-48B7-A30C-D588-65BFED171039, NULL, [], NULL, 1, 1, 1, 0, 1, 1, 2, F0029091-3216-D7AF-5692-A7438AF38189, 1654294134251, 0, 0, NULL
5445, 1, 1654294254, FB619723-DD6A-6CFE-12B6-4ACDEFEB1EA4, 202207, 1, 3, 16CAA282-48B7-A30C-D588-65BFED171039, NULL, {"won":true "version":"B"}, NULL, 0, 1, 1, 0, 0, 173, 174, F0029091-3216-D7AF-5692-A7438AF38189, 1654294253255, 0, 0, NULL
5446, 1, 1654294315, FB619723-DD6A-6CFE-12B6-4ACDEFEB1EA4, 202207, 1, 3, NULL, NULL, {"won":false "version":"B"}, NULL, 0, 1, 1, 0, 0, 288, 289, F0029091-3216-D7AF-5692-A7438AF38189, 1654294314499, 0, 0, NULL
5447, 1, 1654294339, FB619723-DD6A-6CFE-12B6-4ACDEFEB1EA4, 202207, 1, 3, NULL, NULL, {"won":false "version":"B"}, NULL, 0, 1, 1, 0, 0, 352, 353, F0029091-3216-D7AF-5692-A7438AF38189, 1654294337741, 0, 0, NULL
5448, 1, 1654294423, FB619723-DD6A-6CFE-12B6-4ACDEFEB1EA4, 202207, 1, 3, NULL, NULL, {"won":true "version":"B"}, NULL, 0, 1, 1, 0, 0, 508, 509, F0029091-3216-D7AF-5692-A7438AF38189, 1654294422030, 0, 0, NULL
5449, 1, 1654294466, FB619723-DD6A-6CFE-12B6-4ACDEFEB1EA4, 202207, 1, 3, NULL, NULL, {"won":false "version":"B"}, NULL, 0, 1, 1, 0, 0, 624, 625, F0029091-3216-D7AF-5692-A7438AF38189, 1654294464882, 0, 0, NULL
5450, 1, 1654294495, FB619723-DD6A-6CFE-12B6-4ACDEFEB1EA4, 202207, 1, 3, NULL, NULL, {"won":false "version":"B"}, NULL, 0, 1, 1, 0, 0, 699, 700, F0029091-3216-D7AF-5692-A7438AF38189, 1654294494604, 0, 0, NULL
5451, 1, 1654294515, FB619723-DD6A-6CFE-12B6-4ACDEFEB1EA4, 202207, 1, 3, NULL, NULL, {"won":false "version":"B"}, NULL, 0, 1, 1, 0, 0, 769, 770, F0029091-3216-D7AF-5692-A7438AF38189, 1654294514565, 0, 0, NULL
5452, 1, 1654294547, FB619723-DD6A-6CFE-12B6-4ACDEFEB1EA4, 202207, 1, 3, NULL, NULL, {"won":false "version":"B"}, NULL, 0, 1, 1, 0, 0, 859, 860, F0029091-3216-D7AF-5692-A7438AF38189, 1654294546504, 0, 0, NULL
5453, 1, 1654294604, FB619723-DD6A-6CFE-12B6-4ACDEFEB1EA4, 202207, 1, 3, NULL, NULL, {"won":true "version":"B"}, NULL, 0, 1, 1, 0, 0, 974, 975, F0029091-3216-D7AF-5692-A7438AF38189, 1654294602751, 0, 0, NULL
5454, 1, 1654294622, FB619723-DD6A-6CFE-12B6-4ACDEFEB1EA4, 202207, 1, 3, NULL, NULL, {"won":false "version":"B"}, NULL, 0, 1, 1, 0, 0, 1029, 1030, F0029091-3216-D7AF-5692-A7438AF38189, 1654294621645, 0, 0, NULL
5455, 1, 1654294718, FB619723-DD6A-6CFE-12B6-4ACDEFEB1EA4, 202207, 1, 3, NULL, NULL, {"won":false "version":"B"}, NULL, 0, 1, 1, 0, 0, 1187, 1188, F0029091-3216-D7AF-5692-A7438AF38189, 1654294717379, 0, 0, NULL
5456, 1, 1654294808, FB619723-DD6A-6CFE-12B6-4ACDEFEB1EA4, 202207, 1, 3, NULL, NULL, {"won":true "version":"B"}, NULL, 0, 1, 1, 0, 0, 1285, 1286, F0029091-3216-D7AF-5692-A7438AF38189, 1654294807283, 0, 0, NULL
5457, 1, 1654294870, FB619723-DD6A-6CFE-12B6-4ACDEFEB1EA4, 202207, 1, 3, NULL, NULL, {"won":true "version":"B"}, NULL, 0, 1, 1, 0, 0, 1395, 1396, F0029091-3216-D7AF-5692-A7438AF38189, 1654294868712, 0, 0, NULL
5458, 1, 1654295454, FB619723-DD6A-6CFE-12B6-4ACDEFEB1EA4, 202207, 1, 3, NULL, NULL, {"won":true "version":"B"}, NULL, 0, 1, 1, 0, 0, 1978, 1979, F0029091-3216-D7AF-5692-A7438AF38189, 1654295452766, 0, 0, NULL
5459, 1, 1654295476, FB619723-DD6A-6CFE-12B6-4ACDEFEB1EA4, 202207, 1, 3, 90107D6E-4140-ACDF-409D-50FEC2332817, NULL, {"version":"B"}, NULL, 1, 1, 1, 0, 2, 1, 1981, F0029091-3216-D7AF-5692-A7438AF38189, 1654295475701, 0, 0, NULL
5460, 1, 1654295482, FB619723-DD6A-6CFE-12B6-4ACDEFEB1EA4, 202207, 1, 3, 90107D6E-4140-ACDF-409D-50FEC2332817, NULL, {"won":false "version":"B"}, NULL, 0, 1, 1, 0, 0, 2, 1983, F0029091-3216-D7AF-5692-A7438AF38189, 1654295481405, 0, 0, NULL
5461, 2, 1654295484, FB619723-DD6A-6CFE-12B6-4ACDEFEB1EA4, 202207, 1, 3, 207B066B-3C86-34BC-3CAF-A7E14523891E, NULL, {"version":"B"}, NULL, 1, 1, 1, 0, 3, 1, 1985, F0029091-3216-D7AF-5692-A7438AF38189, 1654295483732, 0, 0, NULL
5462, 2, 1654295555, FB619723-DD6A-6CFE-12B6-4ACDEFEB1EA4, 202207, 1, 3, 207B066B-3C86-34BC-3CAF-A7E14523891E, NULL, {"won":true "version":"B"}, NULL, 0, 1, 1, 0, 0, 173, 2157, F0029091-3216-D7AF-5692-A7438AF38189, 1654295554384, 0, 0, NULL
5463, 2, 1654295613, FB619723-DD6A-6CFE-12B6-4ACDEFEB1EA4, 202207, 1, 3, NULL, NULL, {"won":true "version":"B"}, NULL, 0, 1, 1, 0, 0, 281, 2265, F0029091-3216-D7AF-5692-A7438AF38189, 1654295612162, 0, 0, NULL
5464, 2, 1654295725, FB619723-DD6A-6CFE-12B6-4ACDEFEB1EA4, 202207, 1, 3, NULL, NULL, {"won":true "version":"B"}, NULL, 0, 1, 1, 0, 0, 397, 2381, F0029091-3216-D7AF-5692-A7438AF38189, 1654295723758, 0, 0, NULL
5465, 2, 1654295815, FB619723-DD6A-6CFE-12B6-4ACDEFEB1EA4, 202207, 1, 3, NULL, NULL, {"won":true "version":"B"}, NULL, 0, 1, 1, 0, 0, 518, 2502, F0029091-3216-D7AF-5692-A7438AF38189, 1654295813911, 0, 0, NULL
5466, 2, 1654295898, FB619723-DD6A-6CFE-12B6-4ACDEFEB1EA4, 202207, 1, 3, NULL, NULL, {"won":true "version":"B"}, NULL, 0, 1, 1, 0, 0, 646, 2630, F0029091-3216-D7AF-5692-A7438AF38189, 1654295896700, 0, 0, NULL
5467, 1, 1654316946, ED82891E-4DF3-0D78-FAE9-A4236EA7D2C7, 202207, 1, 3, ADBA363C-D61A-14B2-DF5A-8ADA17C26BB5, NULL, {"version":"A"}, NULL, 1, 1, 1, 0, 1, 1, 4, 3F9C19AE-F682-DFD5-B6BA-66F23192892B, 1654316946686, 0, 0, NULL
5468, 1, 1654335263, 2750C351-3E2E-C33A-7348-1E5FB8798F86, 202207, 1, 3, D5C090F1-EA82-2226-000D-255E0944FBE5, NULL, {"version":"A"}, NULL, 1, 1, 1, 0, 1, 1, 647, 2494561A-C29E-5BA5-BA54-3CC5597C0FA7, 1654335263423, 0, 0, NULL
5469, 2, 1654364955, 08D78011-F694-B41E-8640-75DD787B30C1, 202207, 1, 3, 52A8E239-0DAA-4958-E6D8-5E6A448329C2, NULL, {"version":"A"}, NULL, 1, 1, 1, 0, 1, 1, 751, 1DBA4690-4B26-6F1E-9479-13B6712DB633, 1654364955470, 0, 0, NULL
5470, 2, 1654364969, 08D78011-F694-B41E-8640-75DD787B30C1, 202207, 1, 3, 52A8E239-0DAA-4958-E6D8-5E6A448329C2, NULL, {"won":true "version":"A"}, NULL, 0, 1, 1, 0, 0, 33, 783, 1DBA4690-4B26-6F1E-9479-13B6712DB633, 1654364969112, 0, 0, NULL
5471, 2, 1654365027, 08D78011-F694-B41E-8640-75DD787B30C1, 202207, 1, 3, NULL, NULL, {"won":true "version":"A"}, NULL, 0, 1, 1, 0, 0, 179, 929, 1DBA4690-4B26-6F1E-9479-13B6712DB633, 1654365027855, 0, 0, NULL
5472, 2, 1654365069, 08D78011-F694-B41E-8640-75DD787B30C1, 202207, 1, 3, NULL, NULL, {"won":true "version":"A"}, NULL, 0, 1, 1, 0, 0, 287, 1037, 1DBA4690-4B26-6F1E-9479-13B6712DB633, 1654365069078, 0, 0, NULL
5473, 2, 1654365124, 08D78011-F694-B41E-8640-75DD787B30C1, 202207, 1, 3, NULL, NULL, {"won":true "version":"A"}, NULL, 0, 1, 1, 0, 0, 400, 1150, 1DBA4690-4B26-6F1E-9479-13B6712DB633, 1654365124261, 0, 0, NULL
5474, 2, 1654365193, 08D78011-F694-B41E-8640-75DD787B30C1, 202207, 1, 3, NULL, NULL, {"won":true "version":"A"}, NULL, 0, 1, 1, 0, 0, 553, 1303, 1DBA4690-4B26-6F1E-9479-13B6712DB633, 1654365192969, 0, 0, NULL
5475, 1, 1654441885, 85d6015f-38e1-5672-f1dc-4b523586c6a2, 202207, 1, 3, 97033121-2BBF-3F05-46EC-1CEEF86080E4, NULL, [], NULL, 1, 1, 1, 0, 1, 1, 2, E4B354EB-A1EC-66B2-F884-92F81F763415, 1654441885067, 0, 0, NULL
5476, 1, 1654463616, 603AAFB2-A0AB-20C7-FC14-6DB541074317, 202207, 1, 3, BBCB4BAF-14BA-BF54-0EFE-E8EFE4A0FB0B, NULL, {"version":"B"}, NULL, 1, 1, 1, 0, 1, 1, 2, 209F2B47-16CA-519D-FAD9-80AC90D0C740, 1654463616505, 0, 0, NULL
5477, 1, 1654463677, 603AAFB2-A0AB-20C7-FC14-6DB541074317, 202207, 1, 3, BBCB4BAF-14BA-BF54-0EFE-E8EFE4A0FB0B, NULL, {"won":true "version":"B"}, NULL, 0, 1, 1, 0, 0, 75, 76, 209F2B47-16CA-519D-FAD9-80AC90D0C740, 1654463677476, 0, 0, NULL
5478, 1, 1654463732, 603AAFB2-A0AB-20C7-FC14-6DB541074317, 202207, 1, 3, NULL, NULL, {"won":false "version":"B"}, NULL, 0, 1, 1, 0, 0, 203, 205, 209F2B47-16CA-519D-FAD9-80AC90D0C740, 1654463732000, 0, 0, NULL
5479, 6, 1654463734, 603AAFB2-A0AB-20C7-FC14-6DB541074317, 202207, 1, 3, 34E94496-E673-8C9A-2968-2FD1C727FF6A, NULL, {"version":"B"}, NULL, 1, 1, 1, 0, 2, 1, 207, 209F2B47-16CA-519D-FAD9-80AC90D0C740, 1654463734197, 0, 0, NULL
5480, 2, 1654482425, 21865BA9-B9CC-8B81-364C-D002675C4428, 202207, 1, 3, 8F358949-0F33-8D1F-C6B9-C01CC1629CDB, NULL, {"version":"A"}, NULL, 1, 1, 1, 0, 1, 1, 2, 41BDCA93-FFD9-13E7-FE77-1CA5FE53F3E3, 1654482425795, 0, 0, NULL
5481, 2, 1654482446, 21865BA9-B9CC-8B81-364C-D002675C4428, 202207, 1, 3, 8F358949-0F33-8D1F-C6B9-C01CC1629CDB, NULL, {"won":true "version":"A"}, NULL, 0, 1, 1, 0, 0, 47, 48, 41BDCA93-FFD9-13E7-FE77-1CA5FE53F3E3, 1654482446029, 0, 0, NULL
5560, 1, 1654493839, CB39812A-7D3F-B1B7-5551-494C147AC5B9, 202207, 1, 3, F9D26FC6-2220-12F5-62AF-0F1A5E562D3B, NULL, {"version":"A"}, NULL, 1, 1, 1, 0, 1, 1, 4, 0A1CDDF2-E438-FCEA-7B74-AA348BEAEE66, 1654493839233, 0, 0, NULL
